{"cameraMode":{"drawMode":0,"name":"Shaded","section":"Shading Mode"},"sceneLighting":false,"audioPlay":false,"sceneViewState":{"showFog":false,"showMaterialUpdate":false,"showSkybox":true,"showFlares":false,"showImageEffects":false,"showParticleSystems":false},"in2DMode":false,"pivot":{"x":-0.49005937576293948,"y":2.4629077911376955,"z":-0.6980171203613281},"rotation":{"x":-0.03725365921854973,"y":0.922157883644104,"z":-0.09188146144151688,"w":-0.3738926351070404},"size":10.0,"orthographic":false}