{"cameraMode":{"drawMode":0,"name":"Shaded","section":"Shading Mode"},"sceneLighting":true,"audioPlay":false,"sceneViewState":{"showFog":false,"showMaterialUpdate":false,"showSkybox":true,"showFlares":false,"showImageEffects":false,"showParticleSystems":false},"in2DMode":false,"pivot":{"x":-0.25258326530456545,"y":-0.05082942917943001,"z":1.2761778831481934},"rotation":{"x":-0.2738456726074219,"y":0.3026288151741028,"z":-0.09123506397008896,"w":-0.9083515405654907},"size":12.485182762145996,"orthographic":false}